                  epoch,         train/box_loss,         train/cls_loss,         train/dfl_loss,   metrics/precision(B),      metrics/recall(B),       metrics/mAP50(B),    metrics/mAP50-95(B),           val/box_loss,           val/cls_loss,           val/dfl_loss,                 lr/pg0,                 lr/pg1,                 lr/pg2
                      1,                 2.2956,                 2.3994,                 1.7292,                0.43236,                0.37928,                0.35653,                0.12881,                 2.1727,                 1.9175,                  1.744,               0.070138,               0.003318,               0.003318
                      2,                  1.895,                 1.5291,                 1.4522,                0.45248,                0.38573,                0.34296,                0.13095,                 2.2593,                 2.1755,                 1.7735,               0.040116,              0.0066294,              0.0066294
                      3,                 1.8593,                  1.409,                 1.3673,                0.47674,                0.30972,                0.30812,                0.10874,                 2.3716,                 2.2895,                 1.7686,               0.010072,              0.0099188,              0.0099188
                      4,                 1.8546,                 1.3597,                   1.35,                0.63065,                0.49591,                0.51888,                0.19449,                 2.2868,                 1.6822,                 1.7545,               0.009901,               0.009901,               0.009901
                      5,                 1.7746,                 1.2352,                  1.315,                0.75878,                0.66317,                0.74182,                0.35802,                 1.7306,                 1.1851,                 1.3587,               0.009868,               0.009868,               0.009868
                      6,                 1.7241,                 1.1672,                 1.2882,                0.75223,                0.66543,                0.73797,                0.37712,                 1.6973,                 1.1503,                 1.3518,               0.009835,               0.009835,               0.009835
                      7,                 1.6917,                 1.1154,                 1.2713,                0.82552,                0.71893,                0.81227,                 0.4208,                 1.6146,                 1.0563,                  1.305,               0.009802,               0.009802,               0.009802
                      8,                 1.6682,                 1.0788,                   1.26,                0.79572,                0.71662,                0.79097,                0.37441,                 1.7934,                 1.0958,                 1.3893,               0.009769,               0.009769,               0.009769
                      9,                 1.6316,                  1.046,                 1.2451,                 0.7616,                0.69463,                0.74914,                0.38287,                 1.7511,                 1.1285,                 1.3478,               0.009736,               0.009736,               0.009736
                     10,                 1.6127,                 1.0306,                 1.2344,                0.83489,                0.72165,                0.81783,                0.43002,                  1.623,                0.99112,                 1.2997,               0.009703,               0.009703,               0.009703
                     11,                 1.5965,                 1.0011,                 1.2236,                0.84877,                0.78875,                0.87299,                0.46323,                 1.5561,                0.92131,                 1.2615,                0.00967,                0.00967,                0.00967
                     12,                 1.5769,                0.98106,                 1.2134,                0.84343,                0.78517,                 0.8525,                0.46175,                 1.5458,                0.97309,                 1.2504,               0.009637,               0.009637,               0.009637
                     13,                 1.5597,                0.96352,                 1.2094,                0.67427,                0.61944,                0.63702,                0.31094,                 1.8396,                 1.3111,                 1.4117,               0.009604,               0.009604,               0.009604
                     14,                 1.5496,                0.95535,                 1.2016,                0.69964,                0.65013,                0.68023,                0.35676,                 1.6674,                 1.1719,                 1.3302,               0.009571,               0.009571,               0.009571
                     15,                 1.5372,                0.93886,                 1.1965,                 0.8813,                0.85068,                0.91101,                0.52343,                  1.457,                0.80062,                 1.2083,               0.009538,               0.009538,               0.009538
                     16,                 1.5319,                0.92193,                 1.1908,                0.88714,                0.82626,                0.90367,                0.50794,                 1.5102,                0.80422,                 1.2206,               0.009505,               0.009505,               0.009505
                     17,                 1.5163,                0.91301,                 1.1795,                0.88096,                0.81388,                0.89122,                0.50427,                 1.4619,                0.84104,                  1.195,               0.009472,               0.009472,               0.009472
                     18,                 1.5011,                 0.8996,                 1.1749,                0.90399,                0.82916,                0.90595,                0.51466,                 1.4839,                0.77701,                 1.2092,               0.009439,               0.009439,               0.009439
                     19,                 1.5111,                0.90198,                 1.1747,                0.85688,                0.77019,                0.86199,                0.49299,                 1.5115,                0.86801,                 1.2161,               0.009406,               0.009406,               0.009406
                     20,                 1.4919,                0.88939,                 1.1694,                0.89714,                0.82537,                0.90791,                0.49552,                 1.5475,                0.77909,                 1.2389,               0.009373,               0.009373,               0.009373
                     21,                  1.486,                0.88288,                 1.1629,                0.90201,                0.85925,                0.92216,                0.54811,                 1.4052,                0.72845,                 1.1447,                0.00934,                0.00934,                0.00934
                     22,                 1.4793,                0.87266,                 1.1583,                0.91498,                0.83947,                 0.9207,                0.54199,                 1.3985,                0.75135,                 1.1507,               0.009307,               0.009307,               0.009307
                     23,                 1.4748,                0.87207,                  1.159,                0.89269,                  0.834,                0.90835,                0.52226,                 1.4878,                0.77849,                 1.1754,               0.009274,               0.009274,               0.009274
                     24,                 1.4615,                0.86081,                 1.1562,                0.90518,                0.85524,                0.93092,                0.55954,                 1.3804,                 0.7255,                 1.1483,               0.009241,               0.009241,               0.009241
                     25,                 1.4634,                 0.8587,                  1.152,                0.91485,                0.85473,                0.93258,                0.54148,                 1.4241,                0.70004,                 1.1588,               0.009208,               0.009208,               0.009208
                     26,                 1.4557,                0.85085,                 1.1484,                0.90344,                0.82795,                0.90988,                0.53898,                 1.4046,                0.73788,                 1.1508,               0.009175,               0.009175,               0.009175
                     27,                 1.4538,                0.84788,                 1.1441,                0.90166,                0.85934,                0.93229,                0.54069,                 1.4445,                0.70404,                 1.1587,               0.009142,               0.009142,               0.009142
                     28,                 1.4489,                0.84096,                  1.145,                0.92025,                0.88389,                0.94837,                0.58371,                 1.3175,                0.66181,                  1.105,               0.009109,               0.009109,               0.009109
                     29,                 1.4422,                0.83613,                 1.1416,                0.91954,                0.88031,                0.94691,                0.58522,                 1.3192,                0.66426,                 1.1011,               0.009076,               0.009076,               0.009076
                     30,                 1.4427,                0.83203,                 1.1413,                0.92359,                0.87903,                0.94347,                0.58139,                  1.324,                0.65859,                 1.1091,               0.009043,               0.009043,               0.009043
                     31,                 1.4287,                0.82528,                 1.1375,                0.91853,                  0.889,                  0.946,                0.58935,                 1.3065,                 0.6478,                 1.1029,                0.00901,                0.00901,                0.00901
                     32,                 1.4311,                0.82318,                 1.1378,                 0.9247,                0.88159,                0.94706,                0.58044,                 1.3279,                0.65292,                  1.113,               0.008977,               0.008977,               0.008977
                     33,                 1.4224,                0.82256,                 1.1337,                0.92149,                0.88159,                0.94686,                0.58336,                 1.3458,                0.65657,                 1.1201,               0.008944,               0.008944,               0.008944
                     34,                  1.421,                0.81905,                 1.1328,                0.92125,                0.89164,                0.95057,                0.59068,                  1.312,                0.63002,                 1.1074,               0.008911,               0.008911,               0.008911
                     35,                 1.4155,                0.81409,                 1.1314,                0.91671,                0.89233,                0.95354,                0.60301,                 1.3031,                0.62367,                 1.0958,               0.008878,               0.008878,               0.008878
                     36,                 1.4098,                0.80838,                  1.128,                0.92203,                0.89524,                0.95419,                 0.5973,                 1.3199,                0.62585,                 1.1035,               0.008845,               0.008845,               0.008845
                     37,                 1.4144,                 0.8112,                 1.1268,                0.92425,                0.89566,                0.95478,                0.59938,                 1.3043,                0.62973,                 1.0982,               0.008812,               0.008812,               0.008812
                     38,                 1.3958,                0.80063,                 1.1224,                0.92479,                 0.9046,                0.95559,                0.59736,                 1.3106,                0.62373,                 1.1026,               0.008779,               0.008779,               0.008779
                     39,                 1.4043,                0.80183,                 1.1197,                0.93272,                0.89463,                0.95691,                0.59955,                 1.3112,                0.61784,                 1.0946,               0.008746,               0.008746,               0.008746
                     40,                 1.3916,                0.79425,                 1.1155,                0.93486,                 0.8956,                0.95743,                0.61158,                 1.2738,                0.60687,                 1.0785,               0.008713,               0.008713,               0.008713
                     41,                 1.3975,                0.79511,                 1.1178,                0.92984,                0.89829,                0.95752,                0.60776,                 1.2919,                0.60275,                 1.0907,                0.00868,                0.00868,                0.00868
                     42,                 1.3919,                0.79309,                 1.1163,                0.93064,                0.89905,                0.95846,                 0.6023,                 1.2915,                0.60861,                 1.0881,               0.008647,               0.008647,               0.008647
                     43,                 1.3876,                0.78876,                 1.1165,                0.92976,                0.90053,                0.95889,                0.61307,                 1.2667,                0.59678,                 1.0785,               0.008614,               0.008614,               0.008614
                     44,                  1.388,                0.79102,                  1.117,                0.93609,                0.89911,                0.96074,                0.61042,                 1.2788,                0.59896,                 1.0904,               0.008581,               0.008581,               0.008581
                     45,                  1.379,                 0.7806,                 1.1093,                0.92896,                0.89971,                0.95821,                0.60848,                 1.2841,                0.60798,                 1.0894,               0.008548,               0.008548,               0.008548
                     46,                 1.3855,                0.77906,                 1.1088,                 0.9287,                0.91049,                0.95954,                0.61697,                 1.2624,                0.59184,                 1.0752,               0.008515,               0.008515,               0.008515
                     47,                 1.3785,                0.78226,                 1.1112,                0.93373,                0.90997,                0.96281,                0.62098,                 1.2488,                0.58517,                 1.0742,               0.008482,               0.008482,               0.008482
                     48,                 1.3754,                0.77774,                   1.11,                0.93545,                0.91176,                0.96165,                0.62588,                 1.2304,                0.57851,                 1.0626,               0.008449,               0.008449,               0.008449
                     49,                 1.3753,                0.77652,                 1.1093,                0.93437,                0.90691,                0.96272,                 0.6241,                 1.2349,                0.58046,                 1.0669,               0.008416,               0.008416,               0.008416
                     50,                 1.3707,                0.77554,                 1.1084,                0.93265,                0.91202,                0.96321,                0.62414,                 1.2418,                 0.5784,                 1.0676,               0.008383,               0.008383,               0.008383
                     51,                 1.3669,                0.77193,                  1.105,                0.92125,                0.92506,                0.96274,                0.62636,                 1.2379,                0.57637,                 1.0644,                0.00835,                0.00835,                0.00835
                     52,                 1.3679,                0.77252,                 1.1057,                0.92627,                 0.9189,                0.96185,                0.61935,                  1.256,                0.58656,                 1.0731,               0.008317,               0.008317,               0.008317
                     53,                 1.3643,                0.76916,                 1.1031,                0.93247,                0.91468,                0.96251,                0.62387,                 1.2422,                0.57971,                 1.0675,               0.008284,               0.008284,               0.008284
                     54,                 1.3624,                0.76666,                 1.1037,                0.93119,                0.91125,                0.96284,                0.62497,                 1.2453,                0.58401,                  1.071,               0.008251,               0.008251,               0.008251
                     55,                 1.3495,                0.76005,                 1.0977,                0.93429,                0.91688,                0.96505,                0.62854,                 1.2381,                0.57618,                 1.0687,               0.008218,               0.008218,               0.008218
                     56,                 1.3609,                0.76555,                 1.1003,                0.93306,                0.90907,                0.96462,                0.62489,                 1.2502,                0.57661,                 1.0714,               0.008185,               0.008185,               0.008185
                     57,                 1.3557,                0.75728,                  1.099,                0.93396,                0.91153,                0.96493,                0.62655,                 1.2423,                0.57514,                 1.0666,               0.008152,               0.008152,               0.008152
                     58,                 1.3566,                0.76259,                 1.0971,                0.93121,                0.91279,                0.96468,                0.62335,                 1.2484,                0.57576,                 1.0673,               0.008119,               0.008119,               0.008119
                     59,                 1.3491,                0.75187,                 1.0972,                0.92789,                0.91458,                0.96385,                0.62652,                 1.2413,                0.56872,                 1.0647,               0.008086,               0.008086,               0.008086
                     60,                 1.3462,                0.75588,                 1.0975,                0.92728,                 0.9164,                0.96422,                 0.6262,                 1.2439,                0.56789,                 1.0665,               0.008053,               0.008053,               0.008053
                     61,                 1.3421,                 0.7519,                 1.0955,                0.92874,                0.91458,                0.96428,                0.62628,                  1.242,                0.56899,                 1.0652,                0.00802,                0.00802,                0.00802
                     62,                 1.3439,                0.75002,                 1.0935,                0.92894,                0.91739,                0.96598,                0.62633,                 1.2426,                 0.5674,                 1.0645,               0.007987,               0.007987,               0.007987
                     63,                 1.3444,                0.75432,                  1.093,                0.92973,                0.91483,                0.96564,                0.62856,                 1.2381,                0.56455,                 1.0621,               0.007954,               0.007954,               0.007954
                     64,                 1.3401,                0.74763,                  1.093,                0.93366,                0.91423,                0.96529,                0.62922,                 1.2343,                0.56187,                 1.0603,               0.007921,               0.007921,               0.007921
                     65,                 1.3365,                0.74591,                 1.0918,                0.93261,                0.91672,                 0.9658,                0.63073,                 1.2306,                 0.5595,                 1.0585,               0.007888,               0.007888,               0.007888
                     66,                  1.339,                0.74369,                 1.0948,                0.93394,                0.91586,                0.96566,                 0.6302,                 1.2303,                0.55817,                 1.0582,               0.007855,               0.007855,               0.007855
                     67,                 1.3423,                0.74924,                 1.0907,                0.93483,                0.91765,                0.96457,                 0.6315,                 1.2278,                0.55667,                 1.0571,               0.007822,               0.007822,               0.007822
                     68,                 1.3309,                0.74638,                 1.0879,                0.93771,                0.91509,                0.96506,                0.63244,                 1.2228,                0.55397,                 1.0549,               0.007789,               0.007789,               0.007789
                     69,                 1.3289,                0.74438,                 1.0851,                0.93642,                0.91228,                0.96456,                  0.632,                 1.2216,                0.55392,                 1.0543,               0.007756,               0.007756,               0.007756
                     70,                  1.325,                0.73922,                 1.0883,                0.93579,                0.91125,                0.96453,                0.63285,                   1.22,                0.55399,                 1.0538,               0.007723,               0.007723,               0.007723
                     71,                 1.3266,                 0.7376,                 1.0885,                0.93365,                0.91355,                0.96507,                0.63375,                  1.219,                0.55355,                 1.0537,                0.00769,                0.00769,                0.00769
                     72,                 1.3326,                0.73619,                 1.0887,                0.92633,                0.92292,                0.96548,                0.63334,                 1.2183,                0.55228,                 1.0531,               0.007657,               0.007657,               0.007657
                     73,                 1.3299,                0.73616,                 1.0859,                0.93032,                0.91859,                0.96521,                0.63271,                 1.2189,                0.55187,                 1.0532,               0.007624,               0.007624,               0.007624
                     74,                 1.3248,                0.73606,                 1.0879,                0.93405,                0.91458,                 0.9651,                0.63433,                  1.213,                0.55035,                 1.0511,               0.007591,               0.007591,               0.007591
                     75,                 1.3253,                0.73534,                 1.0865,                0.93411,                0.91202,                0.96518,                0.63475,                  1.212,                0.54957,                 1.0504,               0.007558,               0.007558,               0.007558
                     76,                 1.3219,                0.73295,                 1.0857,                0.93738,                0.91253,                 0.9666,                0.63642,                 1.2097,                0.54873,                 1.0488,               0.007525,               0.007525,               0.007525
                     77,                 1.3218,                0.72822,                 1.0832,                0.93854,                0.91253,                0.96665,                0.63732,                 1.2085,                0.54842,                 1.0479,               0.007492,               0.007492,               0.007492
                     78,                 1.3167,                0.72879,                 1.0833,                0.93834,                0.91483,                0.96741,                0.63855,                 1.2065,                0.54666,                 1.0473,               0.007459,               0.007459,               0.007459
                     79,                 1.3181,                0.72838,                 1.0828,                0.93959,                0.91509,                0.96796,                0.63894,                  1.205,                0.54595,                 1.0465,               0.007426,               0.007426,               0.007426
                     80,                  1.317,                0.72876,                  1.083,                0.93869,                0.91611,                0.96735,                0.63899,                 1.2049,                0.54501,                 1.0464,               0.007393,               0.007393,               0.007393
                     81,                 1.3152,                 0.7265,                 1.0834,                0.93571,                0.91432,                0.96756,                0.64013,                 1.2036,                0.54387,                 1.0459,                0.00736,                0.00736,                0.00736
                     82,                 1.3053,                0.72216,                 1.0789,                0.93479,                0.92017,                 0.9677,                0.64142,                 1.2015,                 0.5426,                 1.0447,               0.007327,               0.007327,               0.007327
                     83,                 1.3117,                0.72004,                   1.08,                0.93375,                0.92251,                0.96751,                 0.6411,                    1.2,                 0.5423,                 1.0439,               0.007294,               0.007294,               0.007294
                     84,                 1.3074,                0.72121,                 1.0764,                0.93457,                0.92053,                0.96744,                0.64138,                 1.1992,                0.54182,                 1.0438,               0.007261,               0.007261,               0.007261
                     85,                 1.3109,                0.72064,                 1.0753,                0.93116,                0.92363,                0.96796,                0.64205,                 1.1985,                0.54099,                 1.0435,               0.007228,               0.007228,               0.007228
                     86,                 1.2989,                0.71747,                 1.0753,                0.93171,                0.92583,                0.96843,                0.64225,                 1.1974,                0.53989,                 1.0429,               0.007195,               0.007195,               0.007195
                     87,                 1.3054,                0.71845,                  1.076,                0.92889,                0.92876,                0.96858,                0.64281,                 1.1974,                0.53963,                 1.0428,               0.007162,               0.007162,               0.007162
                     88,                 1.3072,                0.71773,                 1.0764,                0.93094,                0.92813,                0.96873,                0.64214,                 1.1978,                0.53906,                 1.0429,               0.007129,               0.007129,               0.007129
                     89,                 1.3019,                0.71744,                 1.0734,                0.93449,                0.92813,                0.96945,                0.64258,                 1.1967,                0.53899,                 1.0423,               0.007096,               0.007096,               0.007096
                     90,                 1.2944,                0.71349,                 1.0706,                0.93399,                0.92762,                0.96929,                0.64269,                 1.1968,                0.53828,                 1.0421,               0.007063,               0.007063,               0.007063
                     91,                 1.3038,                0.71344,                 1.0788,                0.93612,                0.92762,                0.97047,                0.64284,                 1.1962,                0.53825,                 1.0417,                0.00703,                0.00703,                0.00703
                     92,                 1.3007,                0.71364,                 1.0744,                0.93026,                0.93606,                0.97085,                0.64396,                 1.1952,                0.53881,                 1.0412,               0.006997,               0.006997,               0.006997
                     93,                 1.2951,                0.71002,                 1.0723,                0.92858,                0.93581,                0.97132,                 0.6439,                 1.1942,                0.53818,                 1.0408,               0.006964,               0.006964,               0.006964
                     94,                 1.3025,                0.71633,                  1.073,                0.93303,                0.93146,                0.97178,                0.64418,                 1.1944,                0.53789,                 1.0406,               0.006931,               0.006931,               0.006931
                     95,                 1.2894,                0.70842,                 1.0703,                0.93363,                0.93174,                0.97187,                0.64503,                  1.194,                0.53787,                 1.0404,               0.006898,               0.006898,               0.006898
                     96,                 1.2939,                0.71173,                 1.0724,                0.93493,                 0.9312,                0.97179,                0.64509,                 1.1933,                0.53784,                   1.04,               0.006865,               0.006865,               0.006865
                     97,                 1.2866,                0.70918,                 1.0703,                0.93491,                0.93095,                0.97168,                  0.645,                  1.192,                0.53699,                 1.0393,               0.006832,               0.006832,               0.006832
                     98,                 1.2973,                0.70979,                 1.0711,                0.93401,                0.93033,                 0.9719,                0.64576,                 1.1913,                 0.5368,                 1.0389,               0.006799,               0.006799,               0.006799
                     99,                 1.2965,                0.71194,                 1.0733,                0.93516,                 0.9296,                0.97177,                0.64634,                 1.1913,                0.53667,                 1.0389,               0.006766,               0.006766,               0.006766
                    100,                 1.2897,                0.71522,                 1.0703,                0.93493,                0.92963,                0.97203,                0.64674,                 1.1909,                0.53578,                 1.0385,               0.006733,               0.006733,               0.006733
                    101,                 1.2965,                0.70823,                 1.0696,                0.93725,                0.92834,                0.97213,                0.64698,                 1.1903,                  0.535,                 1.0383,                 0.0067,                 0.0067,                 0.0067
                    102,                  1.281,                0.70475,                 1.0658,                0.93768,                0.92745,                0.97206,                0.64757,                 1.1899,                0.53461,                 1.0381,               0.006667,               0.006667,               0.006667
                    103,                 1.2911,                0.70485,                 1.0683,                 0.9372,                 0.9275,                0.97229,                0.64728,                 1.1901,                0.53433,                  1.038,               0.006634,               0.006634,               0.006634
                    104,                   1.28,                 0.6998,                 1.0653,                 0.9407,                0.92509,                0.97236,                0.64835,                 1.1898,                0.53403,                 1.0379,               0.006601,               0.006601,               0.006601
                    105,                 1.2775,                0.69919,                 1.0641,                 0.9411,                0.92455,                0.97244,                0.64856,                 1.1896,                0.53368,                 1.0378,               0.006568,               0.006568,               0.006568
                    106,                 1.2774,                0.70151,                 1.0638,                0.94048,                 0.9243,                0.97236,                0.64878,                 1.1897,                0.53353,                 1.0379,               0.006535,               0.006535,               0.006535
                    107,                 1.2856,                0.70324,                 1.0694,                0.94007,                0.92455,                0.97238,                0.64839,                 1.1894,                0.53336,                 1.0377,               0.006502,               0.006502,               0.006502
                    108,                 1.2806,                0.69953,                 1.0667,                0.93595,                 0.9289,                0.97225,                0.64902,                 1.1895,                0.53288,                 1.0378,               0.006469,               0.006469,               0.006469
                    109,                 1.2827,                0.70068,                 1.0672,                0.93668,                0.92813,                0.97216,                0.64903,                   1.19,                0.53286,                 1.0379,               0.006436,               0.006436,               0.006436
                    110,                 1.2804,                0.69985,                 1.0659,                0.93703,                0.92916,                 0.9722,                0.64913,                 1.1898,                0.53291,                 1.0378,               0.006403,               0.006403,               0.006403
                    111,                 1.2787,                 0.6985,                 1.0649,                0.93685,                0.92952,                0.97223,                0.64962,                 1.1892,                0.53287,                 1.0375,                0.00637,                0.00637,                0.00637
                    112,                 1.2775,                0.69499,                 1.0616,                0.93821,                0.92967,                0.97211,                0.64917,                 1.1891,                0.53277,                 1.0375,               0.006337,               0.006337,               0.006337
                    113,                 1.2779,                0.69923,                 1.0639,                0.93819,                0.92967,                0.97209,                0.64971,                 1.1892,                0.53225,                 1.0373,               0.006304,               0.006304,               0.006304
                    114,                 1.2735,                0.69526,                 1.0636,                0.93855,                0.92962,                0.97209,                0.64935,                 1.1889,                0.53169,                 1.0372,               0.006271,               0.006271,               0.006271
                    115,                 1.2739,                0.69228,                 1.0635,                0.93919,                0.92828,                0.97164,                0.64895,                 1.1883,                0.53165,                  1.037,               0.006238,               0.006238,               0.006238
                    116,                 1.2738,                0.69411,                 1.0629,                0.93754,                0.92908,                0.97157,                0.64981,                 1.1884,                0.53155,                 1.0368,               0.006205,               0.006205,               0.006205
                    117,                 1.2692,                0.68919,                 1.0607,                0.93781,                0.92967,                0.97167,                0.64949,                 1.1886,                0.53123,                 1.0369,               0.006172,               0.006172,               0.006172
                    118,                 1.2679,                0.69201,                 1.0613,                0.93836,                0.92941,                0.97157,                0.64979,                 1.1885,                0.53077,                 1.0368,               0.006139,               0.006139,               0.006139
                    119,                 1.2695,                0.69233,                 1.0603,                0.93941,                 0.9289,                0.97144,                0.64999,                 1.1882,                0.53102,                 1.0366,               0.006106,               0.006106,               0.006106
                    120,                 1.2646,                0.68523,                 1.0571,                0.93948,                0.92903,                0.97146,                0.64981,                 1.1882,                0.53085,                 1.0364,               0.006073,               0.006073,               0.006073
                    121,                 1.2684,                0.68914,                 1.0614,                0.93927,                0.92956,                0.97145,                0.65005,                 1.1886,                0.53073,                 1.0364,                0.00604,                0.00604,                0.00604
                    122,                 1.2612,                0.68897,                 1.0591,                0.93912,                0.92992,                0.97134,                0.65068,                 1.1885,                0.53021,                 1.0362,               0.006007,               0.006007,               0.006007
                    123,                 1.2665,                0.68733,                  1.062,                0.93932,                0.93039,                 0.9714,                0.65063,                 1.1888,                0.53019,                 1.0364,               0.005974,               0.005974,               0.005974
                    124,                 1.2685,                0.69064,                 1.0628,                0.93886,                0.93078,                 0.9716,                0.65057,                 1.1893,                0.52974,                 1.0363,               0.005941,               0.005941,               0.005941
                    125,                 1.2569,                0.68635,                  1.057,                 0.9384,                0.93113,                0.97159,                0.65131,                 1.1887,                0.52914,                  1.036,               0.005908,               0.005908,               0.005908
                    126,                 1.2606,                 0.6861,                 1.0581,                0.93962,                0.93069,                0.97163,                0.65162,                 1.1878,                0.52905,                 1.0357,               0.005875,               0.005875,               0.005875
                    127,                  1.259,                 0.6828,                 1.0559,                0.93912,                0.92992,                0.97187,                0.65224,                 1.1873,                0.52881,                 1.0354,               0.005842,               0.005842,               0.005842
                    128,                 1.2625,                0.68549,                 1.0583,                0.93955,                0.93024,                0.97164,                0.65241,                 1.1868,                0.52845,                 1.0352,               0.005809,               0.005809,               0.005809
                    129,                 1.2541,                0.68597,                 1.0571,                0.94075,                   0.93,                0.97156,                0.65226,                 1.1865,                0.52818,                 1.0349,               0.005776,               0.005776,               0.005776
                    130,                 1.2581,                0.68126,                 1.0574,                0.93948,                0.93223,                0.97163,                0.65235,                 1.1862,                0.52782,                 1.0347,               0.005743,               0.005743,               0.005743
                    131,                 1.2591,                0.68078,                 1.0552,                0.94058,                0.93111,                0.97168,                0.65266,                 1.1862,                0.52703,                 1.0347,                0.00571,                0.00571,                0.00571
                    132,                 1.2608,                0.68448,                 1.0576,                0.94041,                0.93069,                0.97243,                0.65265,                 1.1852,                0.52706,                 1.0343,               0.005677,               0.005677,               0.005677
                    133,                 1.2565,                 0.6829,                 1.0564,                0.93809,                0.93299,                0.97235,                0.65301,                 1.1853,                0.52601,                 1.0342,               0.005644,               0.005644,               0.005644
                    134,                 1.2522,                0.67725,                  1.055,                0.93864,                0.93274,                0.97227,                0.65337,                 1.1846,                0.52535,                 1.0339,               0.005611,               0.005611,               0.005611
                    135,                 1.2529,                0.68039,                 1.0546,                0.93872,                 0.9335,                0.97248,                0.65393,                 1.1845,                0.52514,                 1.0338,               0.005578,               0.005578,               0.005578
                    136,                 1.2531,                0.68138,                  1.055,                0.94005,                0.93325,                0.97247,                0.65392,                 1.1837,                0.52456,                 1.0333,               0.005545,               0.005545,               0.005545
                    137,                 1.2502,                0.67657,                 1.0532,                0.93944,                0.93232,                0.97244,                0.65384,                 1.1824,                0.52417,                 1.0327,               0.005512,               0.005512,               0.005512
                    138,                 1.2448,                0.67207,                 1.0525,                0.93993,                0.93197,                0.97254,                0.65427,                  1.182,                0.52404,                 1.0323,               0.005479,               0.005479,               0.005479
                    139,                 1.2437,                0.67304,                 1.0502,                0.93873,                0.93265,                0.97216,                0.65479,                 1.1817,                0.52413,                 1.0321,               0.005446,               0.005446,               0.005446
                    140,                 1.2439,                0.67023,                 1.0503,                0.93926,                0.93338,                0.97223,                 0.6551,                 1.1809,                0.52348,                 1.0317,               0.005413,               0.005413,               0.005413
                    141,                 1.2455,                0.67357,                 1.0518,                0.94033,                0.93223,                0.97171,                0.65543,                   1.18,                0.52306,                 1.0313,                0.00538,                0.00538,                0.00538
                    142,                 1.2482,                 0.6763,                 1.0531,                0.94039,                0.93299,                0.97195,                0.65574,                 1.1803,                 0.5227,                 1.0312,               0.005347,               0.005347,               0.005347
                    143,                 1.2408,                0.66972,                 1.0497,                0.94068,                0.93248,                0.97157,                0.65499,                 1.1798,                0.52232,                 1.0311,               0.005314,               0.005314,               0.005314
                    144,                 1.2421,                0.67001,                 1.0491,                0.94133,                0.93299,                0.97229,                 0.6559,                 1.1787,                0.52192,                 1.0306,               0.005281,               0.005281,               0.005281
                    145,                 1.2428,                0.66934,                 1.0498,                0.94167,                0.93318,                0.97242,                0.65618,                 1.1777,                  0.521,                 1.0299,               0.005248,               0.005248,               0.005248
                    146,                 1.2391,                0.66916,                 1.0483,                0.94184,                0.93274,                0.97265,                0.65654,                 1.1765,                0.52068,                 1.0294,               0.005215,               0.005215,               0.005215
                    147,                 1.2444,                0.67035,                 1.0493,                0.94229,                0.93299,                0.97256,                0.65683,                 1.1752,                0.51965,                 1.0289,               0.005182,               0.005182,               0.005182
                    148,                 1.2382,                0.67129,                 1.0504,                0.94287,                0.93276,                 0.9727,                0.65722,                 1.1742,                0.51927,                 1.0285,               0.005149,               0.005149,               0.005149
                    149,                 1.2381,                0.66727,                  1.049,                0.94266,                0.93338,                0.97185,                 0.6574,                 1.1738,                0.51896,                 1.0282,               0.005116,               0.005116,               0.005116
                    150,                 1.2386,                0.66578,                 1.0482,                0.94267,                0.93402,                0.97265,                0.65738,                 1.1734,                0.51859,                  1.028,               0.005083,               0.005083,               0.005083
                    151,                 1.2423,                0.66952,                 1.0519,                0.94266,                0.93337,                 0.9719,                0.65786,                 1.1724,                0.51788,                 1.0278,                0.00505,                0.00505,                0.00505
                    152,                 1.2364,                 0.6648,                 1.0494,                0.94276,                 0.9335,                0.97196,                0.65806,                 1.1721,                0.51761,                 1.0276,               0.005017,               0.005017,               0.005017
                    153,                  1.235,                0.66403,                 1.0468,                0.94304,                0.93376,                0.97199,                0.65877,                 1.1716,                0.51706,                 1.0272,               0.004984,               0.004984,               0.004984
                    154,                 1.2294,                0.66142,                 1.0454,                0.94163,                0.93427,                0.97233,                0.65882,                 1.1707,                0.51697,                 1.0269,               0.004951,               0.004951,               0.004951
                    155,                  1.232,                0.66567,                 1.0468,                0.94252,                0.93402,                0.97237,                0.65933,                 1.1698,                0.51667,                 1.0263,               0.004918,               0.004918,               0.004918
                    156,                 1.2331,                0.66251,                 1.0438,                0.94295,                0.93419,                0.97259,                0.65945,                 1.1684,                0.51596,                 1.0257,               0.004885,               0.004885,               0.004885
                    157,                 1.2351,                 0.6645,                 1.0494,                 0.9425,                0.93482,                0.97367,                0.65934,                 1.1671,                 0.5159,                 1.0251,               0.004852,               0.004852,               0.004852
                    158,                 1.2253,                0.66056,                  1.043,                0.94276,                0.93516,                 0.9727,                0.66024,                 1.1662,                0.51526,                 1.0247,               0.004819,               0.004819,               0.004819
                    159,                 1.2249,                0.65902,                 1.0459,                0.94461,                0.93343,                0.97268,                0.66034,                 1.1652,                0.51501,                 1.0242,               0.004786,               0.004786,               0.004786
                    160,                 1.2322,                0.65914,                 1.0459,                0.94395,                0.93325,                0.97366,                0.66098,                 1.1648,                0.51447,                  1.024,               0.004753,               0.004753,               0.004753
                    161,                 1.2298,                0.66097,                 1.0455,                0.94455,                0.93239,                0.97295,                0.66082,                 1.1638,                0.51404,                 1.0237,                0.00472,                0.00472,                0.00472
                    162,                 1.2261,                0.65756,                 1.0441,                0.94543,                0.93146,                0.97379,                0.66121,                 1.1632,                0.51317,                 1.0232,               0.004687,               0.004687,               0.004687
                    163,                 1.2241,                0.65735,                 1.0436,                 0.9454,                0.92989,                0.97388,                 0.6619,                 1.1626,                0.51283,                  1.023,               0.004654,               0.004654,               0.004654
                    164,                 1.2243,                0.65579,                 1.0423,                0.94559,                0.92902,                0.97367,                0.66179,                  1.161,                0.51321,                 1.0224,               0.004621,               0.004621,               0.004621
                    165,                 1.2194,                0.65491,                 1.0412,                0.94512,                0.92935,                0.97366,                0.66281,                   1.16,                0.51256,                 1.0219,               0.004588,               0.004588,               0.004588
                    166,                  1.217,                0.65388,                 1.0412,                0.94469,                0.92941,                0.97335,                0.66288,                 1.1592,                0.51216,                 1.0215,               0.004555,               0.004555,               0.004555
                    167,                  1.218,                0.65213,                 1.0416,                0.94423,                0.92916,                0.97358,                0.66314,                  1.158,                0.51165,                  1.021,               0.004522,               0.004522,               0.004522
                    168,                 1.2172,                0.65053,                 1.0409,                0.94589,                0.92864,                 0.9736,                0.66348,                 1.1569,                0.51108,                 1.0206,               0.004489,               0.004489,               0.004489
                    169,                 1.2207,                0.65276,                 1.0387,                 0.9457,                0.92916,                0.97312,                0.66373,                 1.1557,                0.51007,                   1.02,               0.004456,               0.004456,               0.004456
                    170,                 1.2201,                0.65303,                 1.0427,                0.94583,                0.92875,                0.97292,                 0.6641,                 1.1553,                0.51005,                 1.0198,               0.004423,               0.004423,               0.004423
                    171,                 1.2123,                0.64854,                 1.0403,                0.94487,                0.93095,                 0.9729,                0.66453,                 1.1547,                0.50935,                 1.0195,                0.00439,                0.00439,                0.00439
                    172,                 1.2151,                0.65147,                 1.0396,                0.94444,                0.93039,                0.97284,                0.66528,                 1.1535,                 0.5085,                  1.019,               0.004357,               0.004357,               0.004357
                    173,                 1.2196,                0.65291,                  1.039,                0.94505,                0.92737,                0.97266,                0.66493,                 1.1525,                  0.508,                 1.0186,               0.004324,               0.004324,               0.004324
                    174,                 1.2167,                 0.6522,                  1.041,                0.94406,                0.93018,                0.97387,                0.66541,                 1.1521,                0.50779,                 1.0183,               0.004291,               0.004291,               0.004291
                    175,                 1.2158,                0.65211,                 1.0383,                0.94481,                0.92916,                0.97295,                0.66591,                 1.1521,                0.50733,                 1.0183,               0.004258,               0.004258,               0.004258
                    176,                 1.2127,                0.64766,                 1.0374,                0.94557,                0.92852,                0.97265,                0.66542,                 1.1518,                0.50685,                 1.0182,               0.004225,               0.004225,               0.004225
                    177,                 1.2119,                0.64988,                 1.0386,                0.94643,                0.92864,                0.97281,                0.66611,                  1.152,                0.50665,                 1.0182,               0.004192,               0.004192,               0.004192
                    178,                 1.2072,                0.64558,                 1.0371,                0.94656,                0.92874,                0.97263,                0.66648,                 1.1518,                0.50638,                 1.0181,               0.004159,               0.004159,               0.004159
                    179,                 1.2133,                0.64742,                 1.0384,                0.94766,                0.92839,                0.97268,                0.66632,                 1.1517,                0.50605,                  1.018,               0.004126,               0.004126,               0.004126
                    180,                 1.2063,                0.64476,                 1.0355,                0.94717,                0.92967,                0.97308,                0.66643,                 1.1514,                0.50577,                 1.0178,               0.004093,               0.004093,               0.004093
                    181,                 1.2038,                0.64554,                 1.0354,                0.94758,                 0.9293,                0.97305,                0.66653,                 1.1507,                  0.505,                 1.0175,                0.00406,                0.00406,                0.00406
                    182,                 1.2086,                0.64229,                 1.0364,                0.94869,                0.92916,                0.97316,                0.66693,                 1.1505,                0.50485,                 1.0172,               0.004027,               0.004027,               0.004027
                    183,                 1.2096,                0.64438,                 1.0376,                0.94781,                0.92902,                0.97285,                0.66668,                 1.1504,                0.50433,                 1.0171,               0.003994,               0.003994,               0.003994
                    184,                 1.2071,                0.64359,                 1.0358,                 0.9483,                0.92881,                0.97302,                0.66682,                 1.1494,                0.50407,                 1.0166,               0.003961,               0.003961,               0.003961
                    185,                 1.2025,                0.64367,                 1.0344,                0.94481,                0.93299,                0.97313,                0.66718,                 1.1493,                0.50355,                 1.0164,               0.003928,               0.003928,               0.003928
                    186,                 1.1987,                0.64067,                 1.0347,                0.94515,                0.93223,                0.97317,                0.66721,                 1.1488,                0.50335,                 1.0161,               0.003895,               0.003895,               0.003895
                    187,                 1.2064,                0.64313,                 1.0335,                0.94806,                0.93197,                0.97319,                0.66784,                 1.1488,                0.50294,                  1.016,               0.003862,               0.003862,               0.003862
                    188,                 1.2058,                 0.6434,                 1.0321,                0.94538,                0.93274,                0.97328,                0.66814,                 1.1481,                0.50206,                 1.0156,               0.003829,               0.003829,               0.003829
                    189,                  1.199,                0.63923,                 1.0315,                0.94642,                0.93325,                0.97342,                0.66888,                 1.1477,                 0.5015,                 1.0153,               0.003796,               0.003796,               0.003796
                    190,                 1.1949,                0.64098,                 1.0346,                0.94483,                0.93376,                0.97349,                0.66902,                  1.147,                0.50081,                 1.0151,               0.003763,               0.003763,               0.003763
                    191,                 1.1975,                0.64217,                 1.0346,                0.94457,                0.93376,                0.97343,                0.66874,                 1.1463,                0.50031,                 1.0149,                0.00373,                0.00373,                0.00373
                    192,                 1.1949,                0.63814,                 1.0323,                0.94493,                0.93325,                0.97342,                 0.6691,                 1.1454,                0.49944,                 1.0145,               0.003697,               0.003697,               0.003697
                    193,                 1.1883,                0.63448,                 1.0307,                0.94575,                0.93299,                0.97351,                0.66873,                 1.1451,                 0.4986,                 1.0144,               0.003664,               0.003664,               0.003664
                    194,                 1.1953,                0.63518,                 1.0291,                0.94639,                0.93325,                0.97373,                0.66886,                  1.145,                0.49838,                 1.0142,               0.003631,               0.003631,               0.003631
                    195,                 1.1949,                0.63735,                 1.0321,                0.94514,                0.93325,                0.97356,                0.66923,                  1.144,                0.49777,                 1.0138,               0.003598,               0.003598,               0.003598
                    196,                 1.1971,                0.63236,                 1.0339,                0.94581,                0.93325,                0.97385,                0.66887,                 1.1428,                0.49739,                 1.0133,               0.003565,               0.003565,               0.003565
                    197,                 1.1946,                0.63495,                 1.0314,                0.94442,                0.93429,                0.97347,                0.66858,                 1.1426,                0.49668,                 1.0131,               0.003532,               0.003532,               0.003532
                    198,                 1.1941,                0.63507,                 1.0285,                0.94492,                0.93402,                0.97359,                0.66909,                 1.1423,                 0.4966,                  1.013,               0.003499,               0.003499,               0.003499
                    199,                 1.1919,                0.63224,                 1.0315,                0.94465,                0.93405,                0.97372,                0.66938,                 1.1424,                0.49665,                  1.013,               0.003466,               0.003466,               0.003466
                    200,                 1.1875,                 0.6336,                 1.0296,                0.94501,                0.93402,                0.97372,                0.66985,                 1.1421,                0.49579,                  1.013,               0.003433,               0.003433,               0.003433
                    201,                 1.1852,                0.62861,                 1.0302,                0.94637,                0.93429,                0.97424,                0.66988,                 1.1419,                 0.4955,                  1.013,                 0.0034,                 0.0034,                 0.0034
                    202,                   1.19,                0.62902,                 1.0307,                0.94639,                0.93458,                0.97437,                0.67009,                 1.1414,                0.49501,                 1.0127,               0.003367,               0.003367,               0.003367
                    203,                  1.188,                0.62929,                 1.0287,                0.94614,                0.93444,                0.97439,                0.67034,                 1.1411,                0.49473,                 1.0126,               0.003334,               0.003334,               0.003334
                    204,                 1.1796,                0.62855,                 1.0264,                0.94688,                0.93455,                0.97419,                0.67062,                 1.1414,                0.49448,                 1.0125,               0.003301,               0.003301,               0.003301
                    205,                 1.1774,                0.62588,                 1.0251,                0.94683,                0.93364,                  0.974,                 0.6712,                 1.1407,                0.49405,                 1.0122,               0.003268,               0.003268,               0.003268
                    206,                 1.1858,                0.62763,                 1.0274,                0.94667,                0.93402,                  0.974,                0.67148,                 1.1397,                0.49341,                 1.0118,               0.003235,               0.003235,               0.003235
                    207,                 1.1839,                0.62776,                 1.0271,                0.94708,                0.93374,                0.97395,                0.67139,                 1.1391,                0.49362,                 1.0115,               0.003202,               0.003202,               0.003202
                    208,                 1.1829,                0.62601,                 1.0269,                0.94483,                 0.9376,                0.97405,                0.67141,                 1.1389,                 0.4933,                 1.0114,               0.003169,               0.003169,               0.003169
                    209,                 1.1824,                0.62651,                 1.0246,                0.94457,                0.93708,                0.97405,                0.67193,                 1.1387,                0.49313,                 1.0112,               0.003136,               0.003136,               0.003136
                    210,                 1.1778,                0.62755,                 1.0235,                0.94296,                0.93858,                0.97417,                 0.6718,                 1.1379,                0.49264,                 1.0107,               0.003103,               0.003103,               0.003103
                    211,                 1.1764,                0.62444,                 1.0252,                0.94267,                0.93913,                0.97418,                0.67236,                 1.1371,                0.49226,                 1.0103,                0.00307,                0.00307,                0.00307
                    212,                 1.1766,                0.62147,                 1.0225,                0.94273,                 0.9389,                 0.9741,                0.67269,                 1.1362,                0.49185,                 1.0098,               0.003037,               0.003037,               0.003037
                    213,                 1.1732,                0.61843,                  1.022,                0.94201,                0.93901,                0.97414,                0.67272,                 1.1353,                0.49163,                 1.0093,               0.003004,               0.003004,               0.003004
                    214,                 1.1702,                0.61943,                  1.024,                0.94205,                0.93965,                0.97424,                0.67292,                 1.1347,                 0.4911,                 1.0089,               0.002971,               0.002971,               0.002971
                    215,                  1.176,                 0.6217,                 1.0265,                  0.942,                0.94015,                0.97425,                 0.6734,                 1.1342,                0.49121,                 1.0086,               0.002938,               0.002938,               0.002938
                    216,                  1.172,                0.61969,                  1.022,                0.94185,                0.94033,                0.97442,                0.67369,                 1.1333,                0.49059,                 1.0082,               0.002905,               0.002905,               0.002905
                    217,                 1.1728,                0.61742,                 1.0229,                0.94244,                0.94092,                0.97452,                 0.6739,                 1.1332,                0.49039,                  1.008,               0.002872,               0.002872,               0.002872
                    218,                 1.1662,                0.61511,                 1.0201,                0.94257,                0.94028,                 0.9741,                0.67335,                  1.133,                0.49005,                 1.0079,               0.002839,               0.002839,               0.002839
                    219,                  1.169,                0.61886,                 1.0231,                0.94243,                0.94066,                0.97415,                0.67372,                 1.1331,                0.48958,                 1.0079,               0.002806,               0.002806,               0.002806
                    220,                 1.1691,                0.61559,                 1.0218,                0.94268,                0.94092,                0.97409,                0.67363,                 1.1328,                 0.4895,                 1.0077,               0.002773,               0.002773,               0.002773
                    221,                 1.1608,                0.61388,                 1.0198,                0.94389,                0.93792,                0.97415,                0.67376,                 1.1329,                0.48916,                 1.0076,                0.00274,                0.00274,                0.00274
                    222,                 1.1641,                0.61284,                 1.0181,                0.94415,                0.93785,                0.97417,                0.67415,                 1.1324,                0.48879,                 1.0075,               0.002707,               0.002707,               0.002707
                    223,                 1.1619,                0.61569,                 1.0214,                0.94443,                 0.9376,                0.97414,                0.67495,                 1.1324,                0.48814,                 1.0073,               0.002674,               0.002674,               0.002674
                    224,                 1.1623,                0.61507,                 1.0189,                 0.9444,                0.93811,                0.97447,                0.67516,                 1.1325,                 0.4875,                 1.0072,               0.002641,               0.002641,               0.002641
                    225,                 1.1636,                0.61339,                 1.0195,                0.94394,                0.93872,                0.97407,                  0.675,                 1.1323,                0.48665,                 1.0071,               0.002608,               0.002608,               0.002608
                    226,                 1.1662,                0.61241,                 1.0198,                0.94514,                0.93855,                0.97447,                0.67518,                 1.1319,                0.48651,                 1.0068,               0.002575,               0.002575,               0.002575
                    227,                  1.159,                0.60895,                  1.018,                 0.9451,                 0.9378,                0.97443,                0.67528,                 1.1318,                0.48603,                 1.0066,               0.002542,               0.002542,               0.002542
                    228,                 1.1586,                0.61164,                 1.0189,                0.94511,                0.93801,                0.97435,                0.67556,                 1.1315,                0.48578,                 1.0062,               0.002509,               0.002509,               0.002509
                    229,                 1.1588,                0.60853,                 1.0189,                0.94491,                0.93877,                0.97423,                0.67526,                 1.1312,                0.48568,                  1.006,               0.002476,               0.002476,               0.002476
                    230,                 1.1561,                0.60961,                 1.0183,                0.94547,                0.93657,                0.97427,                0.67584,                 1.1302,                 0.4852,                 1.0056,               0.002443,               0.002443,               0.002443
                    231,                 1.1543,                0.60727,                 1.0187,                0.94489,                0.93847,                0.97439,                0.67639,                   1.13,                0.48485,                 1.0055,                0.00241,                0.00241,                0.00241
                    232,                 1.1541,                0.60469,                  1.018,                0.94695,                0.93585,                0.97446,                0.67607,                 1.1294,                0.48439,                 1.0052,               0.002377,               0.002377,               0.002377
                    233,                 1.1577,                0.60786,                 1.0174,                0.94685,                0.93606,                0.97453,                0.67668,                 1.1286,                0.48411,                 1.0048,               0.002344,               0.002344,               0.002344
                    234,                 1.1534,                0.60542,                 1.0177,                0.94703,                0.93555,                0.97437,                0.67713,                 1.1282,                0.48371,                 1.0046,               0.002311,               0.002311,               0.002311
                    235,                 1.1534,                0.60342,                 1.0177,                0.94722,                0.93633,                0.97411,                0.67766,                 1.1276,                0.48342,                 1.0043,               0.002278,               0.002278,               0.002278
                    236,                 1.1468,                0.60451,                 1.0157,                0.94772,                0.93555,                0.97412,                0.67721,                 1.1269,                0.48283,                  1.004,               0.002245,               0.002245,               0.002245
                    237,                 1.1498,                0.60043,                 1.0141,                0.94789,                0.93517,                0.97409,                0.67753,                 1.1264,                0.48256,                 1.0039,               0.002212,               0.002212,               0.002212
                    238,                 1.1443,                0.60152,                 1.0125,                0.94545,                0.93862,                0.97417,                0.67835,                 1.1262,                0.48195,                 1.0037,               0.002179,               0.002179,               0.002179
                    239,                 1.1459,                0.60207,                 1.0136,                0.94679,                0.93785,                0.97412,                0.67817,                 1.1259,                 0.4819,                 1.0034,               0.002146,               0.002146,               0.002146
                    240,                  1.143,                 0.5993,                 1.0103,                0.94738,                0.93657,                0.97431,                0.67839,                 1.1256,                0.48163,                 1.0032,               0.002113,               0.002113,               0.002113
                    241,                 1.1445,                0.60084,                  1.016,                0.94745,                 0.9361,                0.97447,                 0.6782,                 1.1257,                0.48117,                 1.0031,                0.00208,                0.00208,                0.00208
                    242,                 1.1417,                0.59926,                 1.0142,                0.94697,                0.93628,                0.97456,                0.67863,                 1.1253,                0.48086,                  1.003,               0.002047,               0.002047,               0.002047
                    243,                 1.1449,                0.60201,                 1.0135,                0.94672,                0.93614,                0.97469,                0.67857,                 1.1259,                0.48069,                 1.0031,               0.002014,               0.002014,               0.002014
                    244,                 1.1398,                0.60028,                 1.0115,                0.94728,                0.93743,                0.97458,                0.67849,                 1.1254,                0.48067,                 1.0029,               0.001981,               0.001981,               0.001981
                    245,                 1.1366,                0.59501,                 1.0111,                0.94756,                0.93811,                0.97462,                0.67906,                 1.1246,                0.48044,                 1.0027,               0.001948,               0.001948,               0.001948
                    246,                 1.1391,                0.59889,                 1.0129,                0.94757,                0.93838,                0.97468,                0.67897,                 1.1249,                0.48018,                 1.0026,               0.001915,               0.001915,               0.001915
                    247,                 1.1397,                0.59722,                 1.0103,                0.94676,                0.93913,                0.97477,                0.67873,                 1.1252,                0.48007,                 1.0028,               0.001882,               0.001882,               0.001882
                    248,                 1.1349,                0.59605,                 1.0112,                0.94679,                0.93939,                 0.9748,                0.67869,                 1.1254,                0.47992,                 1.0028,               0.001849,               0.001849,               0.001849
                    249,                 1.1337,                0.59567,                 1.0099,                0.94638,                0.93892,                0.97472,                0.67927,                 1.1254,                0.47998,                 1.0026,               0.001816,               0.001816,               0.001816
                    250,                 1.1372,                 0.5931,                 1.0087,                0.94665,                 0.9394,                0.97507,                0.67968,                 1.1251,                 0.4797,                 1.0024,               0.001783,               0.001783,               0.001783
                    251,                 1.1307,                0.59036,                 1.0071,                0.94684,                0.93845,                  0.975,                0.68003,                 1.1248,                0.47998,                 1.0022,                0.00175,                0.00175,                0.00175
                    252,                 1.1271,                0.59224,                  1.009,                0.94788,                0.93962,                0.97529,                0.67993,                 1.1241,                0.47993,                 1.0019,               0.001717,               0.001717,               0.001717
                    253,                 1.1316,                0.59133,                 1.0094,                0.94812,                0.93938,                0.97494,                 0.6799,                  1.124,                 0.4792,                 1.0017,               0.001684,               0.001684,               0.001684
                    254,                 1.1226,                 0.5884,                 1.0078,                0.94811,                0.94015,                0.97495,                0.68054,                 1.1235,                0.47925,                 1.0014,               0.001651,               0.001651,               0.001651
                    255,                 1.1224,                0.58556,                 1.0049,                0.94785,                  0.939,                0.97455,                0.68058,                 1.1236,                0.47899,                 1.0014,               0.001618,               0.001618,               0.001618
                    256,                 1.1237,                0.58781,                 1.0067,                0.94812,                0.93913,                 0.9748,                0.68046,                 1.1232,                0.47866,                 1.0012,               0.001585,               0.001585,               0.001585
                    257,                 1.1249,                0.58848,                 1.0071,                0.94793,                0.93606,                 0.9746,                 0.6811,                 1.1229,                0.47822,                  1.001,               0.001552,               0.001552,               0.001552
                    258,                 1.1173,                0.58627,                  1.007,                0.94845,                0.93683,                0.97498,                 0.6809,                 1.1225,                0.47777,                 1.0009,               0.001519,               0.001519,               0.001519
                    259,                 1.1222,                0.58794,                 1.0086,                0.94853,                0.93683,                0.97501,                0.68085,                 1.1222,                0.47793,                 1.0007,               0.001486,               0.001486,               0.001486
                    260,                 1.1175,                   0.58,                 1.0029,                0.94776,                0.93722,                0.97506,                0.68103,                 1.1218,                0.47751,                 1.0006,               0.001453,               0.001453,               0.001453
                    261,                 1.1155,                0.58264,                 1.0038,                0.94873,                0.93708,                 0.9758,                0.68124,                 1.1215,                0.47747,                 1.0003,                0.00142,                0.00142,                0.00142
                    262,                 1.1146,                0.58182,                 1.0046,                0.94894,                0.93641,                0.97572,                0.68124,                 1.1213,                 0.4774,                 1.0002,               0.001387,               0.001387,               0.001387
                    263,                 1.1171,                0.58342,                 1.0055,                0.94947,                0.93606,                0.97568,                0.68138,                 1.1205,                0.47701,                0.99987,               0.001354,               0.001354,               0.001354
                    264,                 1.1088,                 0.5796,                 1.0023,                 0.9542,                0.93253,                0.97573,                0.68211,                   1.12,                0.47723,                0.99951,               0.001321,               0.001321,               0.001321
                    265,                 1.1135,                0.57852,                 1.0052,                0.95446,                0.93263,                0.97586,                0.68238,                 1.1194,                0.47675,                0.99926,               0.001288,               0.001288,               0.001288
                    266,                 1.1123,                0.58068,                 1.0031,                0.95668,                  0.932,                0.97598,                0.68242,                 1.1193,                0.47671,                0.99912,               0.001255,               0.001255,               0.001255
                    267,                 1.1096,                0.57906,                 1.0023,                0.95486,                0.93325,                0.97599,                0.68301,                 1.1192,                0.47632,                0.99899,               0.001222,               0.001222,               0.001222
                    268,                 1.1092,                0.57765,                 1.0029,                0.95449,                0.93299,                0.97618,                0.68293,                 1.1194,                0.47643,                0.99908,               0.001189,               0.001189,               0.001189
                    269,                 1.1029,                0.57564,                  1.001,                0.95498,                0.93315,                0.97638,                0.68298,                 1.1196,                0.47647,                0.99902,               0.001156,               0.001156,               0.001156
                    270,                 1.1088,                0.57624,                 1.0022,                0.95506,                0.93325,                 0.9769,                0.68298,                 1.1196,                0.47611,                0.99898,               0.001123,               0.001123,               0.001123
                    271,                 1.1024,                 0.5728,                0.99918,                0.95603,                0.93223,                0.97639,                  0.683,                 1.1197,                0.47627,                  0.999,                0.00109,                0.00109,                0.00109
                    272,                 1.1026,                0.57424,                0.99918,                 0.9561,                0.93171,                0.97641,                0.68316,                 1.1199,                0.47648,                0.99892,               0.001057,               0.001057,               0.001057
                    273,                 1.1029,                0.57204,                0.99807,                0.95616,                0.93156,                 0.9764,                0.68335,                 1.1199,                0.47622,                0.99884,               0.001024,               0.001024,               0.001024
                    274,                 1.1036,                0.57301,                 1.0009,                0.95662,                0.93066,                0.97643,                 0.6834,                 1.1201,                 0.4763,                0.99886,               0.000991,               0.000991,               0.000991
                    275,                 1.1035,                0.57428,                 1.0005,                0.95653,                0.93146,                0.97662,                0.68401,                 1.1202,                0.47593,                0.99875,               0.000958,               0.000958,               0.000958
                    276,                 1.0995,                 0.5732,                0.99876,                0.95564,                0.93197,                0.97641,                0.68416,                   1.12,                0.47611,                0.99868,               0.000925,               0.000925,               0.000925
                    277,                 1.0935,                0.57023,                0.99697,                0.95473,                0.93223,                0.97666,                0.68462,                 1.1198,                 0.4764,                0.99847,               0.000892,               0.000892,               0.000892
                    278,                 1.0964,                0.56936,                 0.9966,                0.94888,                 0.9376,                 0.9766,                0.68385,                 1.1195,                0.47691,                0.99766,               0.000859,               0.000859,               0.000859
                    279,                 1.0947,                 0.5666,                0.99899,                0.94952,                0.93802,                0.97691,                0.68456,                 1.1195,                0.47675,                0.99759,               0.000826,               0.000826,               0.000826
                    280,                 1.0941,                0.56653,                0.99696,                0.94918,                0.93836,                0.97687,                0.68466,                  1.119,                0.47691,                0.99737,               0.000793,               0.000793,               0.000793
                    281,                 1.0921,                0.56546,                0.99446,                0.94867,                0.93836,                0.97691,                0.68448,                 1.1186,                0.47679,                0.99718,                0.00076,                0.00076,                0.00076
                    282,                 1.0879,                 0.5648,                0.99621,                0.94837,                0.93862,                0.97682,                0.68446,                 1.1183,                0.47691,                0.99702,               0.000727,               0.000727,               0.000727
                    283,                 1.0936,                0.56675,                0.99735,                0.94808,                0.93869,                0.97684,                0.68418,                 1.1176,                0.47627,                0.99673,               0.000694,               0.000694,               0.000694
                    284,                 1.0873,                0.56479,                0.99535,                0.94795,                0.93913,                0.97663,                0.68443,                 1.1177,                0.47624,                0.99685,               0.000661,               0.000661,               0.000661
                    285,                 1.0901,                0.56336,                0.99435,                0.94752,                0.93939,                0.97708,                0.68449,                 1.1174,                0.47591,                0.99668,               0.000628,               0.000628,               0.000628
                    286,                 1.0865,                0.56078,                0.99367,                0.94813,                 0.9397,                0.97733,                0.68509,                 1.1171,                0.47626,                0.99644,               0.000595,               0.000595,               0.000595
                    287,                 1.0786,                0.55863,                0.99172,                0.94811,                0.93931,                0.97785,                 0.6854,                  1.117,                0.47572,                0.99647,               0.000562,               0.000562,               0.000562
                    288,                 1.0878,                0.56184,                0.99503,                0.94769,                0.93887,                0.97763,                0.68486,                 1.1167,                0.47562,                 0.9964,               0.000529,               0.000529,               0.000529
                    289,                 1.0821,                0.56326,                0.99287,                0.94854,                0.93811,                0.97721,                 0.6849,                 1.1168,                0.47552,                0.99639,               0.000496,               0.000496,               0.000496
                    290,                 1.0783,                0.56111,                0.99349,                0.94879,                0.93811,                0.97728,                0.68511,                 1.1165,                0.47548,                0.99626,               0.000463,               0.000463,               0.000463
                    291,                 1.0779,                0.55758,                0.99134,                0.94903,                0.93802,                0.97726,                0.68553,                 1.1164,                0.47504,                0.99614,                0.00043,                0.00043,                0.00043
                    292,                 1.0789,                 0.5558,                0.99066,                0.95003,                0.93811,                0.97729,                0.68534,                 1.1164,                0.47493,                0.99606,               0.000397,               0.000397,               0.000397
                    293,                 1.0784,                0.55503,                0.99265,                0.94985,                0.93887,                0.97753,                0.68547,                 1.1159,                0.47468,                0.99585,               0.000364,               0.000364,               0.000364
                    294,                 1.0779,                0.55835,                0.99393,                0.95002,                0.93913,                0.97754,                0.68563,                 1.1159,                0.47468,                0.99571,               0.000331,               0.000331,               0.000331
                    295,                 1.0781,                0.55772,                0.98992,                0.95007,                 0.9393,                0.97757,                0.68526,                 1.1156,                0.47424,                0.99559,               0.000298,               0.000298,               0.000298
                    296,                 1.0785,                0.55583,                 0.9936,                0.95008,                0.93945,                0.97758,                0.68571,                 1.1151,                 0.4744,                0.99549,               0.000265,               0.000265,               0.000265
                    297,                 1.0758,                0.55633,                0.99153,                0.94939,                0.93964,                0.97756,                0.68593,                 1.1147,                0.47398,                0.99532,               0.000232,               0.000232,               0.000232
                    298,                 1.0176,                0.48241,                0.97094,                0.94878,                0.94015,                0.97757,                0.68586,                  1.114,                0.47343,                 0.9951,               0.000199,               0.000199,               0.000199
                    299,                 1.0043,                0.47291,                0.96545,                0.94989,                0.94015,                0.97775,                 0.6861,                 1.1133,                 0.4731,                0.99479,               0.000166,               0.000166,               0.000166
                    300,                0.99882,                0.46946,                0.96497,                 0.9494,                0.94053,                0.97761,                0.68617,                 1.1128,                0.47249,                0.99467,               0.000133,               0.000133,               0.000133
